Paramater,Qualitative,Value,P/E
ϕmax,Double,0.968,0.350353785003584
ϕmax,Default,0.484,0.356786610785629
ϕmax,Half,0.242,0.369980306749197
wE,Double,0.001770325546512,0.365373413052953
wE,Default,0.000885162773256,0.356786610785629
wE,Half,0.000442581386628,0.352599959587733
wR,Double,0.338,0.36131650328443
wR,Default,0.169,0.356786610785629
wR,Half,0.0845,0.35452166453623
Pputida_Limitation,TRUE,N/A,0.355473564482263
Pputida_Limitation,FALSE,N/A,0.35678661078563
